Conformal_Mechanism,Target_Alpha (%),Scoring_Model,Mean_Coverage,Mean_Test_Risk,Mean_SAY,Total_Accepted,Total_True_Hits,Total_False_Alarms,Bound_Success_Rate
1. Clopper-Pearson LTT-CRC (Risk <= alpha),10,M1: Raw YOLOv8s,0.0,0.0,0.0,0,0,0,1.0
1. Clopper-Pearson LTT-CRC (Risk <= alpha),10,M2: Conf-Only Platt,0.0,0.0,0.0,0,0,0,1.0
1. Clopper-Pearson LTT-CRC (Risk <= alpha),10,M6: AquaTrust (Ours),0.0,0.0,0.0,0,0,0,1.0
1. Clopper-Pearson LTT-CRC (Risk <= alpha),15,M1: Raw YOLOv8s,0.0,0.0,0.0,0,0,0,1.0
1. Clopper-Pearson LTT-CRC (Risk <= alpha),15,M2: Conf-Only Platt,0.0,0.0,0.0,0,0,0,1.0
1. Clopper-Pearson LTT-CRC (Risk <= alpha),15,M6: AquaTrust (Ours),0.0,0.0,0.0,0,0,0,1.0
1. Clopper-Pearson LTT-CRC (Risk <= alpha),20,M1: Raw YOLOv8s,0.0,0.0,0.0,0,0,0,1.0
1. Clopper-Pearson LTT-CRC (Risk <= alpha),20,M2: Conf-Only Platt,0.0,0.0,0.0,0,0,0,1.0
1. Clopper-Pearson LTT-CRC (Risk <= alpha),20,M6: AquaTrust (Ours),0.0,0.0,0.0,0,0,0,1.0
1. Clopper-Pearson LTT-CRC (Risk <= alpha),25,M1: Raw YOLOv8s,0.0,0.0,0.0,0,0,0,1.0
1. Clopper-Pearson LTT-CRC (Risk <= alpha),25,M2: Conf-Only Platt,0.0,0.0,0.0,0,0,0,1.0
1. Clopper-Pearson LTT-CRC (Risk <= alpha),25,M6: AquaTrust (Ours),0.0,0.0,0.0,0,0,0,1.0
1. Clopper-Pearson LTT-CRC (Risk <= alpha),30,M1: Raw YOLOv8s,0.0,0.0,0.0,0,0,0,1.0
1. Clopper-Pearson LTT-CRC (Risk <= alpha),30,M2: Conf-Only Platt,0.0,0.0,0.0,0,0,0,1.0
1. Clopper-Pearson LTT-CRC (Risk <= alpha),30,M6: AquaTrust (Ours),0.0,0.0,0.0,0,0,0,1.0
2. Conformal FDR-BH (FDR <= alpha),10,M1: Raw YOLOv8s,6.35,8.78,5.43,130,111,19,0.6
2. Conformal FDR-BH (FDR <= alpha),10,M2: Conf-Only Platt,6.35,8.78,5.43,130,111,19,0.6
2. Conformal FDR-BH (FDR <= alpha),10,M6: AquaTrust (Ours),5.19,5.5,4.45,100,86,14,0.6
2. Conformal FDR-BH (FDR <= alpha),15,M1: Raw YOLOv8s,6.35,8.78,5.43,130,111,19,0.8
2. Conformal FDR-BH (FDR <= alpha),15,M2: Conf-Only Platt,6.35,8.78,5.43,130,111,19,0.8
2. Conformal FDR-BH (FDR <= alpha),15,M6: AquaTrust (Ours),10.03,11.97,8.23,207,169,38,0.8
2. Conformal FDR-BH (FDR <= alpha),20,M1: Raw YOLOv8s,6.45,8.69,5.52,132,113,19,1.0
2. Conformal FDR-BH (FDR <= alpha),20,M2: Conf-Only Platt,6.45,8.69,5.52,132,113,19,1.0
2. Conformal FDR-BH (FDR <= alpha),20,M6: AquaTrust (Ours),16.92,19.05,13.01,354,270,84,0.6
2. Conformal FDR-BH (FDR <= alpha),25,M1: Raw YOLOv8s,11.13,10.74,9.26,229,190,39,1.0
2. Conformal FDR-BH (FDR <= alpha),25,M2: Conf-Only Platt,11.13,10.74,9.26,229,190,39,1.0
2. Conformal FDR-BH (FDR <= alpha),25,M6: AquaTrust (Ours),21.2,24.33,15.56,444,323,121,0.6
2. Conformal FDR-BH (FDR <= alpha),30,M1: Raw YOLOv8s,16.43,17.27,12.85,339,265,74,1.0
2. Conformal FDR-BH (FDR <= alpha),30,M2: Conf-Only Platt,16.43,17.27,12.85,339,265,74,1.0
2. Conformal FDR-BH (FDR <= alpha),30,M6: AquaTrust (Ours),26.01,27.93,18.69,549,391,158,0.6
3. Conformal Recall Control (Recall >= 1-alpha),10,M1: Raw YOLOv8s,73.62,18.37,37.22,1557,781,776,0.2
3. Conformal Recall Control (Recall >= 1-alpha),10,M2: Conf-Only Platt,73.58,18.37,37.22,1556,781,775,0.2
3. Conformal Recall Control (Recall >= 1-alpha),10,M6: AquaTrust (Ours),67.37,19.11,36.85,1418,771,647,0.2
3. Conformal Recall Control (Recall >= 1-alpha),15,M1: Raw YOLOv8s,66.67,24.41,34.38,1409,721,688,0.2
3. Conformal Recall Control (Recall >= 1-alpha),15,M2: Conf-Only Platt,66.67,24.41,34.38,1409,721,688,0.2
3. Conformal Recall Control (Recall >= 1-alpha),15,M6: AquaTrust (Ours),58.66,25.57,33.75,1242,709,533,0.2
3. Conformal Recall Control (Recall >= 1-alpha),20,M1: Raw YOLOv8s,62.23,28.23,32.58,1316,684,632,0.2
3. Conformal Recall Control (Recall >= 1-alpha),20,M2: Conf-Only Platt,62.23,28.23,32.58,1316,684,632,0.2
3. Conformal Recall Control (Recall >= 1-alpha),20,M6: AquaTrust (Ours),53.68,29.09,32.22,1135,676,459,0.2
3. Conformal Recall Control (Recall >= 1-alpha),25,M1: Raw YOLOv8s,56.34,32.37,30.76,1189,645,544,0.2
3. Conformal Recall Control (Recall >= 1-alpha),25,M2: Conf-Only Platt,56.34,32.37,30.76,1189,645,544,0.2
3. Conformal Recall Control (Recall >= 1-alpha),25,M6: AquaTrust (Ours),47.62,34.86,29.66,1005,621,384,0.2
3. Conformal Recall Control (Recall >= 1-alpha),30,M1: Raw YOLOv8s,50.34,37.64,28.32,1066,595,471,0.2
3. Conformal Recall Control (Recall >= 1-alpha),30,M2: Conf-Only Platt,50.34,37.64,28.32,1066,595,471,0.2
3. Conformal Recall Control (Recall >= 1-alpha),30,M6: AquaTrust (Ours),44.09,38.33,28.13,929,588,341,0.4
